MCS_1;MCS_2;MCS_3;MCS_4;MCS_5;MCS_6;MCS_7;MCS_8;MCS_9;MCS_10;MCS_11
0.003657304;0.025752433;0.067847562;0.129942692;0.212037821;0.31413295;0.43622808;0.578323209;0.740418338;0.922513468;1.124608597
0.072804187;0.028839685;0.004875183;0.000910681;0.016946179;0.052981677;0.109017175;0.185052672;0.28108817;0.397123668;0.533159166
4.238279923;3.83653826;3.454796597;3.093054934;2.751313271;2.429571609;2.127829946;1.846088283;1.58434662;1.342604957;1.120863294
0.325479825;0.221378146;0.137276468;0.07317479;0.029073112;0.004971433;0.000869755;0.016768077;0.052666398;0.10856472;0.184463042
0.396003054;0.280145507;0.18428796;0.108430413;0.052572865;0.016715318;0.000857771;0.005000224;0.029142677;0.07328513;0.137427583
4.906512896;4.473499899;4.060486901;3.667473904;3.294460907;2.941447909;2.608434912;2.295421914;2.002408917;1.72939592;1.476382922
0.923359955;0.741176714;0.578993473;0.436810231;0.31462699;0.212443749;0.130260508;0.068077267;0.025894025;0.003710784;0.001527543
0.585318693;0.74833094;0.931343187;1.134355433;1.35736768;1.600379927;1.863392174;2.146404421;2.449416668;2.772428915;3.115441162
0.034913988;0.082284559;0.149655129;0.237025699;0.34439627;0.47176684;0.619137411;0.786507981;0.973878551;1.181249122;1.408619692
0.002952621;0.002085016;0.02121741;0.060349804;0.119482198;0.198614592;0.297746986;0.41687938;0.556011774;0.715144168;0.894276562
2.972458044;2.637641685;2.322825325;2.028008966;1.753192606;1.498376247;1.263559887;1.048743528;0.853927168;0.679110809;0.524294449
0.739279817;0.577317052;0.435354286;0.313391521;0.211428756;0.12946599;0.067503225;0.025540459;0.003577694;0.001614928;0.019652163
0.811389206;0.641234916;0.491080626;0.360926336;0.250772046;0.160617756;0.090463465;0.040309175;0.010154885;5.95E-07;0.009846305
0.37293338;0.260796836;0.168660293;0.09652375;0.044387207;0.012250664;0.00011412;0.007977577;0.035841034;0.083704491;0.151567948
0.003118232;0.024286459;0.065454686;0.126622913;0.20779114;0.308959367;0.430127594;0.571295821;0.732464048;0.913632275;1.114800502
5.229971695;4.782589068;4.355206441;3.947823813;3.560441186;3.193058558;2.845675931;2.518293304;2.210910676;1.923528049;1.656145422
0.995705577;0.806135481;0.636565386;0.48699529;0.357425194;0.247855099;0.158285003;0.088714907;0.039144812;0.009574716;4.62E-06
2.150965884;2.454289315;2.777612747;3.120936178;3.484259609;3.867583041;4.270906472;4.694229903;5.137553335;5.600876766;6.084200197
1.443256002;1.212984822;1.002713642;0.812442461;0.642171281;0.491900101;0.36162892;0.25135774;0.16108656;0.090815379;0.040544199
0.000740307;0.005298589;0.029856871;0.074415152;0.138973434;0.223531715;0.328089997;0.452648278;0.59720656;0.761764841;0.946323123
0.322423761;0.445988502;0.589553243;0.753117985;0.936682726;1.140247467;1.363812208;1.607376949;1.870941691;2.154506432;2.458071173
0.079538149;0.033133132;0.006728115;0.000323098;0.01391808;0.047513063;0.101108046;0.174703029;0.268298012;0.381892995;0.515487978
0.27668068;0.391881569;0.527082459;0.682283349;0.857484238;1.052685128;1.267886018;1.503086907;1.758287797;2.033488687;2.328689576
0.052391195;0.108169441;0.183947687;0.279725932;0.395504178;0.531282424;0.68706067;0.862838916;1.058617162;1.274395408;1.510173653
0.015634819;0.050642672;0.105650526;0.180658379;0.275666233;0.390674086;0.52568194;0.680689793;0.855697647;1.050705501;1.265713354
1.408241014;1.655579676;1.922918338;2.210257;2.517595662;2.844934325;3.192272987;3.559611649;3.946950311;4.354288973;4.781627635
1.789674176;1.532116768;1.294559359;1.07700195;0.879444541;0.701887132;0.544329723;0.406772314;0.289214905;0.191657496;0.114100087
0.426896431;0.306221808;0.205547184;0.12487256;0.064197937;0.023523313;0.00284869;0.002174066;0.021499443;0.060824819;0.120150195
0.40721875;0.544846138;0.702473525;0.880100913;1.0777283;1.295355687;1.532983075;1.790610462;2.06823785;2.365865237;2.683492624
3.075866777;2.735103793;2.414340809;2.113577825;1.832814841;1.572051856;1.331288872;1.110525888;0.909762904;0.728999919;0.568236935
0.858335954;0.683043109;0.527750265;0.392457421;0.277164576;0.181871732;0.106578888;0.051286044;0.015993199;0.000700355;0.005407511
0.041995697;0.011009994;2.43E-05;0.009038587;0.038052883;0.08706718;0.156081477;0.245095773;0.35411007;0.483124366;0.632138663
1.94637561;1.677350478;1.428325346;1.199300213;0.990275081;0.801249949;0.632224817;0.483199685;0.354174552;0.24514942;0.156124288
1.899251909;1.633625212;1.387998514;1.162371817;0.956745119;0.771118422;0.605491724;0.459865027;0.334238329;0.228611632;0.142984934
1.746576555;1.492260339;1.257944123;1.043627906;0.84931169;0.674995474;0.520679257;0.386363041;0.272046825;0.177730608;0.103414392
1.412865654;1.185137603;0.977409552;0.789681501;0.62195345;0.4742254;0.346497349;0.238769298;0.151041247;0.083313196;0.035585145
1.11074242;0.90995889;0.729175359;0.568391828;0.427608298;0.306824767;0.206041236;0.125257705;0.064474175;0.023690644;0.002907113
0.191921349;0.114303691;0.056686034;0.019068376;0.001450718;0.00383306;0.026215402;0.068597744;0.130980086;0.213362428;0.31574477
0.037650488;0.008843021;3.56E-05;0.011228086;0.042420619;0.093613152;0.164805684;0.255998217;0.36719075;0.498383283;0.649575815
0.014287182;0.000381382;0.006475582;0.032569782;0.078663982;0.144758183;0.230852383;0.336946583;0.463040783;0.609134983;0.775229184
0.037910808;0.086852203;0.155793599;0.244734995;0.353676391;0.482617787;0.631559182;0.800500578;0.989441974;1.19838337;1.427324765
0.085312316;0.036895772;0.008479228;6.27E-05;0.011646139;0.043229594;0.09481305;0.166396506;0.257979961;0.369563417;0.501146873
0.585831575;0.748910845;0.931990116;1.135069386;1.358148656;1.601227927;1.864307197;2.147386467;2.450465738;2.773545008;3.116624278
7.123325945;6.599534752;6.095743559;5.611952366;5.148161173;4.70436998;4.280578787;3.876787593;3.4929964;3.129205207;2.785414014
2.917134188;2.585541788;2.273949388;1.982356989;1.710764589;1.459172189;1.22757979;1.01598739;0.82439499;0.652802591;0.501210191
0.388264306;0.522886023;0.67750774;0.852129456;1.046751173;1.26137289;1.495994606;1.750616323;2.02523804;2.319859756;2.634481473
0.009431355;8.32E-06;0.010585289;0.041162256;0.091739223;0.162316191;0.252893158;0.363470125;0.494047092;0.644624059;0.815201026
0.001111865;0.004442936;0.027774007;0.071105078;0.134436148;0.217767219;0.32109829;0.444429361;0.587760431;0.751091502;0.934422573
1.638310704;1.39231768;1.166324657;0.960331633;0.774338609;0.608345586;0.462352562;0.336359538;0.230366515;0.144373491;0.078380467
0.173581335;0.100255148;0.046928961;0.013602775;0.000276588;0.006950401;0.033624215;0.080298028;0.146971841;0.233645654;0.340319468
0.567488784;0.426825081;0.306161378;0.205497675;0.124833972;0.06417027;0.023506567;0.002842864;0.002179161;0.021515458;0.060851756
0.222268162;0.137977513;0.073686864;0.029396215;0.005105566;0.000814917;0.016524268;0.052233619;0.10794297;0.183652322;0.279361673
0.208967419;0.12754151;0.066115602;0.024689693;0.003263785;0.001837876;0.020411968;0.058986059;0.11756015;0.196134242;0.294708333
3.491674496;3.127954039;2.784233582;2.460513125;2.156792669;1.873072212;1.609351755;1.365631298;1.141910841;0.938190385;0.754469928
0.075201552;0.030355749;0.005509947;0.000664144;0.015818341;0.050972538;0.106126735;0.181280932;0.276435129;0.391589326;0.526743524
4.066153699;3.672859578;3.299565457;2.946271336;2.612977215;2.299683094;2.006388973;1.733094852;1.479800731;1.246506611;1.03321249
1.099882444;1.319633005;1.559383566;1.819134127;2.098884688;2.398635249;2.718385809;3.05813637;3.417886931;3.797637492;4.197388053
1.176386986;0.969464236;0.782541486;0.615618736;0.468695986;0.341773236;0.234850486;0.147927736;0.081004986;0.034082237;0.007159487
0.389194118;0.274423269;0.17965242;0.104881571;0.050110722;0.015339874;0.000569025;0.005798176;0.031027327;0.076256479;0.14148563
0.51257233;0.379384016;0.266195702;0.173007389;0.099819075;0.046630761;0.013442447;0.000254134;0.00706582;0.033877506;0.080689192
0.77376562;0.607837723;0.461909827;0.33598193;0.230054033;0.144126137;0.07819824;0.032270344;0.006342447;0.000414551;0.014486654
5.40E-06;0.010470089;0.04093478;0.09139947;0.161864161;0.252328852;0.362793542;0.493258233;0.643722923;0.814187614;1.004652305
0.027819777;0.004461254;0.00110273;0.017744207;0.054385684;0.111027161;0.187668637;0.284310114;0.400951591;0.537593067;0.694234544
0.268920428;0.382635505;0.516350581;0.670065658;0.843780734;1.037495811;1.251210888;1.484925964;1.738641041;2.012356118;2.306071194
0.326945207;0.451303452;0.595661697;0.760019943;0.944378188;1.148736433;1.373094678;1.617452924;1.881811169;2.166169414;2.47052766
0.645658278;0.494952549;0.364246821;0.253541093;0.162835364;0.092129636;0.041423908;0.01071818;1.25E-05;0.009306723;0.038600995
0.899101784;0.719459829;0.559817873;0.420175917;0.300533961;0.200892006;0.12125005;0.061608094;0.021966138;0.002324183;0.002682227
0.305813675;0.205212829;0.124611984;0.064011139;0.023410293;0.002809448;0.002208603;0.021607757;0.061006912;0.120406067;0.199805221
2.02284475;1.748391257;1.493937763;1.259484269;1.045030776;0.850577282;0.676123789;0.521670295;0.387216802;0.272763308;0.178309814
6.502931904;6.002914967;5.52289803;5.062881092;4.622864155;4.202847218;3.802830281;3.422813344;3.062796407;2.72277947;2.402762533
8.04E-05;0.008286673;0.036492906;0.08469914;0.152905373;0.241111606;0.349317839;0.477524072;0.625730306;0.793936539;0.982142772
3.273092021;3.644925796;4.036759571;4.448593346;4.880427121;5.332260896;5.804094671;6.295928446;6.807762222;7.339595997;7.891429772
2.267248504;1.976100799;1.704953094;1.453805389;1.222657684;1.01150998;0.820362275;0.64921457;0.498066865;0.36691916;0.255771455
0.043764959;0.095605112;0.167445264;0.259285417;0.371125569;0.502965722;0.654805874;0.826646027;1.018486179;1.230326332;1.462166484
0.03534724;0.082948963;0.150550686;0.23815241;0.345754133;0.473355856;0.62095758;0.788559303;0.976161026;1.18376275;1.411364473
2.327368004;2.03225373;1.757139456;1.502025182;1.266910908;1.051796634;0.85668236;0.681568086;0.526453813;0.391339539;0.276225265
0.046322658;0.01327726;0.000231861;0.007186463;0.034141064;0.081095666;0.148050267;0.235004868;0.34195947;0.468914071;0.615868673
0.519434021;0.673577563;0.847721106;1.041864648;1.256008191;1.490151733;1.744295275;2.018438818;2.31258236;2.626725903;2.960869445
0.464174432;0.337913736;0.23165304;0.145392344;0.079131648;0.032870952;0.006610256;0.00034956;0.014088864;0.047828168;0.101567472
0.130399448;0.068177721;0.025955993;0.003734266;0.001512538;0.019290811;0.057069083;0.114847356;0.192625628;0.290403901;0.408182173
0.255797412;0.164644575;0.093491737;0.0423389;0.011186063;3.32E-05;0.008880389;0.037727551;0.086574714;0.155421877;0.24426904
0.783721389;0.616665308;0.469609228;0.342553148;0.235497068;0.148440987;0.081384907;0.034328827;0.007272747;0.000216667;0.013160586
0.016728827;0.000860834;0.00499284;0.029124846;0.073256853;0.137388859;0.221520866;0.325652872;0.449784878;0.593916885;0.758048891
1.309597685;1.090722375;0.891847065;0.712971756;0.554096446;0.415221136;0.296345827;0.197470517;0.118595207;0.059719897;0.020844588
0.078127762;0.032225074;0.006322387;0.000419699;0.014517012;0.048614324;0.102711636;0.176808949;0.270906261;0.385003573;0.519100886
0.691861235;0.535504843;0.39914845;0.282792057;0.186435664;0.110079272;0.053722879;0.017366486;0.001010093;0.0046537;0.028297308
2.549894834;2.240527031;1.951159229;1.681791426;1.432423623;1.203055821;0.993688018;0.804320216;0.634952413;0.48558461;0.356216808
0.874564421;0.697528123;0.540491824;0.403455526;0.286419228;0.18938293;0.112346632;0.055310334;0.018274035;0.001237737;0.004201439
0.030299813;0.00548613;0.000672447;0.015858764;0.051045081;0.106231398;0.181417716;0.276604033;0.39179035;0.526976667;0.682162984
2.718566563;2.398805039;2.099043515;1.819281992;1.559520468;1.319758944;1.099997421;0.900235897;0.720474373;0.560712849;0.420951326
2.230553768;1.941852997;1.673152225;1.424451454;1.195750683;0.987049912;0.798349141;0.629648369;0.480947598;0.352246827;0.243546056
1.099136185;0.899456793;0.719777401;0.560098009;0.420418617;0.300739225;0.201059833;0.121380441;0.061701049;0.022021658;0.002342266
0.545724576;0.407978229;0.290231882;0.192485535;0.114739188;0.056992841;0.019246494;0.001500147;0.0037538;0.026007453;0.068261106
0.016359964;0.051941179;0.107522395;0.18310361;0.278684825;0.39426604;0.529847256;0.685428471;0.861009686;1.056590901;1.272172116
3.462027534;3.099897045;2.757766555;2.435636065;2.133505575;1.851375086;1.589244596;1.347114106;1.124983617;0.922853127;0.740722637
0.010051985;0.040103902;0.09015582;0.160207737;0.250259655;0.360311572;0.490363489;0.640415407;0.810467324;1.000519242;1.210571159
7.221758615;6.694292017;6.186825418;5.69935882;5.231892221;4.784425622;4.356959024;3.949492425;3.562025827;3.194559228;2.847092629
4.131505958;3.734983832;3.358461707;3.001939582;2.665417457;2.348895331;2.052373206;1.775851081;1.519328956;1.282806831;1.066284705
0.0698543;0.026994372;0.004134444;0.001274516;0.018414587;0.055554659;0.112694731;0.189834803;0.286974875;0.404114947;0.541255018
0.277118964;0.392403144;0.527687324;0.682971504;0.858255685;1.053539865;1.268824045;1.504108225;1.759392405;2.034676585;2.329960765
0.044270922;0.096352235;0.168433548;0.26051486;0.372596173;0.504677486;0.656758798;0.828840111;1.020921424;1.233002737;1.465084049
0.572872949;0.431496207;0.310119466;0.208742724;0.127365982;0.06598924;0.024612498;0.003235756;0.001859015;0.020482273;0.059105531
0.064165004;0.02350338;0.002841756;0.002180132;0.021518507;0.060856883;0.120195259;0.199533634;0.29887201;0.418210386;0.557548761
0.023243259;0.002751779;0.002260299;0.021768819;0.061277339;0.120785858;0.200294378;0.299802898;0.419311418;0.558819938;0.718328458
0.20395933;0.304283044;0.424606757;0.564930471;0.725254184;0.905577898;1.105901611;1.326225324;1.566549038;1.826872751;2.107196465
0.206999771;0.126005316;0.065010861;0.024016406;0.003021951;0.002027496;0.021033041;0.060038586;0.119044131;0.198049676;0.297055221
0.081170557;0.148151451;0.235132344;0.342113238;0.469094132;0.616075026;0.78305592;0.970036814;1.177017708;1.403998602;1.650979496
1.364088367;1.607676755;1.871265142;2.154853529;2.458441917;2.782030304;3.125618691;3.489207078;3.872795466;4.276383853;4.69997224
0.014345686;0.00039099;0.006436295;0.032481599;0.078526903;0.144572207;0.230617511;0.336662815;0.462708119;0.608753423;0.774798727
2.013551377;1.739752055;1.485952733;1.252153411;1.038354089;0.844554767;0.670755446;0.516956124;0.383156802;0.26935748;0.175558158
0.005677165;0.030746557;0.07581595;0.140885342;0.225954735;0.331024127;0.45609352;0.601162912;0.766232305;0.951301697;1.15637109
1.227584939;1.015992075;0.82439921;0.652806346;0.501213482;0.369620617;0.258027753;0.166434888;0.094842024;0.043249159;0.011656295
1.249661749;1.483238291;1.736814833;2.010391374;2.303967916;2.617544458;2.951120999;3.304697541;3.678274083;4.071850624;4.485427166
0.197525166;0.11863756;0.059749953;0.020862346;0.001974739;0.003087132;0.024199525;0.065311918;0.126424311;0.207536704;0.308649098
1.039191047;0.845309607;0.671428166;0.517546725;0.383665284;0.269783844;0.175902403;0.102020962;0.048139521;0.01425808;0.00037664
0.64184671;0.491616037;0.361385365;0.251154692;0.16092402;0.090693348;0.040462675;0.010232003;1.33E-06;0.009770658;0.039539985
0.366843652;0.255708413;0.164573174;0.093437936;0.042302697;0.011167458;3.22E-05;0.00889698;0.037761742;0.086626503;0.155491264
0.019798181;0.057939382;0.116080584;0.194221786;0.292362987;0.410504189;0.548645391;0.706786592;0.884927794;1.083068996;1.301210197
0.12229313;0.202233999;0.302174868;0.422115737;0.562056606;0.721997476;0.901938345;1.101879214;1.321820083;1.561760952;1.821701822
0.274710989;0.389536747;0.524362505;0.679188264;0.854014022;1.04883978;1.263665538;1.498491296;1.753317054;2.028142812;2.32296857
0.381487319;0.267957999;0.17442868;0.100899361;0.047370041;0.013840722;0.000311402;0.006782083;0.033252764;0.079723444;0.146194125
0.20023353;0.299728453;0.419223376;0.558718299;0.718213222;0.897708145;1.097203067;1.31669799;1.556192913;1.815687836;2.095182759
8.92E-05;0.008200651;0.036312139;0.084423628;0.152535117;0.240646606;0.348758094;0.476869583;0.624981072;0.793092561;0.981204049
0.059491019;0.020709457;0.001927896;0.003146334;0.024364772;0.065583211;0.126801649;0.208020088;0.309238526;0.430456965;0.571675403
5.4936891;5.034916699;4.596144297;4.177371896;3.778599495;3.399827094;3.041054693;2.702282292;2.383509891;2.08473749;1.805965089
0.023088773;0.063478753;0.123868733;0.204258714;0.304648694;0.425038674;0.565428655;0.725818635;0.906208615;1.106598596;1.326988576
0.540793411;0.403716096;0.286638782;0.189561467;0.112484153;0.055406838;0.018329524;0.001252209;0.004174895;0.027097581;0.070020266
0.334038744;0.228446574;0.142854404;0.077262234;0.031670064;0.006077894;0.000485724;0.014893554;0.049301384;0.103709214;0.178117045
0.21331155;0.315682877;0.438054204;0.580425531;0.742796858;0.925168185;1.127539511;1.349910838;1.592282165;1.854653492;2.137024819
0.183776757;0.108038374;0.052299991;0.016561609;0.000823226;0.005084843;0.02934646;0.073608078;0.137869695;0.222131312;0.326392929
3.781278041;3.402367869;3.043457698;2.704547526;2.385637354;2.086727183;1.807817011;1.548906839;1.309996668;1.091086496;0.892176324
0.905359963;0.725059152;0.564758342;0.424457531;0.304156721;0.20385591;0.123555099;0.063254289;0.022953478;0.002652667;0.002351857
0.292933076;0.194686491;0.116439907;0.058193323;0.019946738;0.001700154;0.003453569;0.025206985;0.066960401;0.128713816;0.210467232
0.006006741;0.000506107;0.015005474;0.04950484;0.104004207;0.178503573;0.27300294;0.387502306;0.522001673;0.676501039;0.851000406
2.412576931;2.733226376;3.07387582;3.434525264;3.815174708;4.215824153;4.636473597;5.077123041;5.537772486;6.01842193;6.519071374
2.661261104;2.344993661;2.048726219;1.772458776;1.516191333;1.27992389;1.063656448;0.867389005;0.691121562;0.53485412;0.398586677
0.922829346;1.12495736;1.347085374;1.589213388;1.851341403;2.133469417;2.435597431;2.757725445;3.099853459;3.461981474;3.844109488
1.53746983;1.299480328;1.081490825;0.883501323;0.705511821;0.547522319;0.409532817;0.291543315;0.193553812;0.11556431;0.057574808
5.803780007;5.331959293;4.88013858;4.448317866;4.036497152;3.644676438;3.272855724;2.92103501;2.589214296;2.277393583;1.985572869
0.890934299;1.089712932;1.308491564;1.547270196;1.806048828;2.08482746;2.383606092;2.702384725;3.041163357;3.399941989;3.778720621
1.444285589;1.213928722;1.003571855;0.813214988;0.64285812;0.492501253;0.362144386;0.251787519;0.161430652;0.091073785;0.040716918
0.056550034;0.018989532;0.00142903;0.003868528;0.026308026;0.068747523;0.131187021;0.213626519;0.316066017;0.438505515;0.580945013
1.149493098;1.37392193;1.618350762;1.882779593;2.167208425;2.471637257;2.796066089;3.140494921;3.504923753;3.889352584;4.293781416
1.029550448;1.242483978;1.475417509;1.72835104;2.001284571;2.294218101;2.607151632;2.940085163;3.293018694;3.665952224;4.058885755
1.213381942;1.443689176;1.693996411;1.964303646;2.254610881;2.564918115;2.89522535;3.245532585;3.615839819;4.006147054;4.416454289
0.000955213;0.017136518;0.053317822;0.109499126;0.185680431;0.281861735;0.39804304;0.534224344;0.690405649;0.866586953;1.062768257
0.924973805;1.127324922;1.349676039;1.592027156;1.854378273;2.13672939;2.439080507;2.761431624;3.103782741;3.466133858;3.848484975
1.41114626;1.183562905;0.97597955;0.788396196;0.620812841;0.473229487;0.345646132;0.238062777;0.150479423;0.082896068;0.035312714
6.760566503;6.250544714;5.760522926;5.290501138;4.84047935;4.410457562;4.000435774;3.610413986;3.240392198;2.89037041;2.560348622
0.61941697;0.786823065;0.974229161;1.181635256;1.409041351;1.656447446;1.923853541;2.211259637;2.518665732;2.846071827;3.193477922
1.658271339;1.41072357;1.1831758;0.975628031;0.788080261;0.620532492;0.472984722;0.345436953;0.237889183;0.150341414;0.082793644
1.610468209;1.366659761;1.142851313;0.939042865;0.755234417;0.591425968;0.44761752;0.323809072;0.220000624;0.136192176;0.072383727
0.692561132;0.536120617;0.399680101;0.283239585;0.186799069;0.110358553;0.053918038;0.017477522;0.001037006;0.00459649;0.028155975
0.258446776;0.370122097;0.501797419;0.653472741;0.825148062;1.016823384;1.228498706;1.460174027;1.711849349;1.983524671;2.275199992
0.144816319;0.07870684;0.032597361;0.006487883;0.000378404;0.014268925;0.048159447;0.102049968;0.175940489;0.269831011;0.383721532
0.048226209;0.014305276;0.000384343;0.00646341;0.032542477;0.078621544;0.144700611;0.230779678;0.336858745;0.462937812;0.609016879
1.129946748;0.927348841;0.744750934;0.582153028;0.439555121;0.316957215;0.214359308;0.131761401;0.069163495;0.026565588;0.003967681
0.016271871;0.000759622;0.005247373;0.029735125;0.074222876;0.138710627;0.223198378;0.327686129;0.452173881;0.596661632;0.761149383
2.181450385;1.896055708;1.63066103;1.385266353;1.159871676;0.954476998;0.769082321;0.603687644;0.458292966;0.332898289;0.227503612
0.015729961;0.000646133;0.005562304;0.030478476;0.075394647;0.140310819;0.225226991;0.330143162;0.455059334;0.599975505;0.764891677
2.410912895;2.110370602;1.829828309;1.569286016;1.328743723;1.10820143;0.907659137;0.727116844;0.56657455;0.426032257;0.305489964
0.301595385;0.421430786;0.561266187;0.721101589;0.90093699;1.100772391;1.320607793;1.560443194;1.820278595;2.100113997;2.399949398
0.577835996;0.739867045;0.921898094;1.123929143;1.345960192;1.587991241;1.85002229;2.132053339;2.434084388;2.756115437;3.098146486
13.99537979;13.25717181;12.53896382;11.84075583;11.16254785;10.50433986;9.866131873;9.247923886;8.649715899;8.071507912;7.513299925
0.006912661;0.000284178;0.013655696;0.047027214;0.100398731;0.173770249;0.267141766;0.380513284;0.513884802;0.667256319;0.840627837
0.637167288;0.48752177;0.357876251;0.248230733;0.158585215;0.088939696;0.039294178;0.00964866;3.14E-06;0.010357623;0.040712105
1.291790624;1.074476689;0.877162754;0.69984882;0.542534885;0.40522095;0.287907015;0.19059308;0.113279145;0.055965211;0.018651276
0.000263068;0.007019193;0.033775318;0.080531444;0.147287569;0.234043694;0.340799819;0.467555944;0.614312069;0.781068194;0.96782432
1.034008417;0.840636008;0.667263599;0.513891191;0.380518782;0.267146373;0.173773964;0.100401555;0.047029146;0.013656737;0.000284329
0.75509935;0.591306444;0.447513539;0.323720633;0.219927728;0.136134822;0.072341917;0.028549012;0.004756106;0.000963201;0.017170295
0.081008255;0.034084357;0.007160458;0.00023656;0.013312662;0.046388763;0.099464865;0.172540966;0.265617068;0.378693169;0.511769271
0.319556214;0.216497607;0.133439;0.070380394;0.027321787;0.00426318;0.001204574;0.018145967;0.05508736;0.112028753;0.188970147
0.217093324;0.133906775;0.070720226;0.027533676;0.004347127;0.001160578;0.017974029;0.054787479;0.11160093;0.188414381;0.285227832
6.908759385;6.393069006;5.897378626;5.421688246;4.965997866;4.530307486;4.114617107;3.718926727;3.343236347;2.987545967;2.651855587
0.058243111;0.116510331;0.19477755;0.293044769;0.411311988;0.549579208;0.707846427;0.886113646;1.084380865;1.302648085;1.540915304
0.35521155;0.484410804;0.633610057;0.802809311;0.992008564;1.201207817;1.430407071;1.679606324;1.948805578;2.238004831;2.547204085
0.289216362;0.191658682;0.114101003;0.056543323;0.018985643;0.001427963;0.003870283;0.026312603;0.068754924;0.131197244;0.213639564
0.656879045;0.504782895;0.372686745;0.260590596;0.168494446;0.096398296;0.044302146;0.012205996;0.000109846;0.008013696;0.035917546
0.877076227;0.699771531;0.542466835;0.405162139;0.287857443;0.190552748;0.113248052;0.055943356;0.01863866;0.001333965;0.004029269
0.001733446;0.003406512;0.025079579;0.066752645;0.128425712;0.210098778;0.311771845;0.433444911;0.575117978;0.736791044;0.918464111
0.317336333;0.44000156;0.582666787;0.745332014;0.92799724;1.130662467;1.353327694;1.595992921;1.858658148;2.141323374;2.443988601
3.108821965;2.76618493;2.443547895;2.14091086;1.858273824;1.595636789;1.352999754;1.130362719;0.927725683;0.745088648;0.582451613
0.022605006;0.002535083;0.002465161;0.022395239;0.062325316;0.122255394;0.202185471;0.302115549;0.422045627;0.561975704;0.721905782
0.133599653;0.216702225;0.319804798;0.44290737;0.586009943;0.749112515;0.932215088;1.13531766;1.358420233;1.601522806;1.864625378
0.069548466;0.02680438;0.004060293;0.001316207;0.018572121;0.055828035;0.113083948;0.190339862;0.287595776;0.40485169;0.542107604
0.091702439;0.041137618;0.010572797;7.98E-06;0.009443154;0.038878333;0.088313512;0.157748691;0.24718387;0.356619049;0.486054228
2.591843339;2.279859281;1.987875223;1.715891165;1.463907107;1.23192305;1.019938992;0.827954934;0.655970876;0.503986818;0.37200276
0.341917701;0.234970242;0.148022784;0.081075326;0.034127867;0.007180409;0.00023295;0.013285492;0.046338033;0.099390575;0.172443116
1.572650896;1.331840139;1.111029382;0.910218625;0.729407868;0.568597111;0.427786354;0.306975597;0.20616484;0.125354083;0.064543326
5.01E-07;0.009858905;0.039717308;0.089575712;0.159434115;0.249292518;0.359150922;0.489009325;0.638867729;0.808726132;0.998584536
0.5104321;0.377543038;0.264653977;0.171764915;0.098875853;0.045986791;0.013097729;0.000208667;0.007319605;0.034430543;0.081541481
0.03073503;0.005672212;0.000609394;0.015546577;0.050483759;0.105420941;0.180358123;0.275295306;0.390232488;0.52516967;0.680106853
0.353529572;0.244612866;0.155696161;0.086779455;0.037862749;0.008946044;2.93E-05;0.011112633;0.042195927;0.093279221;0.164362516
0.156312185;0.245384856;0.354457528;0.4835302;0.632602871;0.801675543;0.990748214;1.199820886;1.428893558;1.677966229;1.947038901
0.657399126;0.829559433;1.02171974;1.233880046;1.466040353;1.71820066;1.990360966;2.282521273;2.59468158;2.926841886;3.279002193
6.236074689;5.746632012;5.277189335;4.827746658;4.398303981;3.988861304;3.599418627;3.22997595;2.880533273;2.551090596;2.241647919
1.211559915;1.00141815;0.811276385;0.64113462;0.490992856;0.360851091;0.250709326;0.160567561;0.090425797;0.040284032;0.010142267
0.564408659;0.724662931;0.904917203;1.105171476;1.325425748;1.56568002;1.825934293;2.106188565;2.406442837;2.72669711;3.066951382
0.012357861;0.044591044;0.096824228;0.169057411;0.261290594;0.373523778;0.505756961;0.657990144;0.830223328;1.022456511;1.234689694
0.469882946;0.616978963;0.78407498;0.971170997;1.178267014;1.405363031;1.652459048;1.919555065;2.206651082;2.513747099;2.840843116
7.283577299;6.753815229;6.24405316;5.75429109;5.28452902;4.83476695;4.405004881;3.995242811;3.605480741;3.235718671;2.885956601
3.284840797;2.932358202;2.599875607;2.287393011;1.994910416;1.722427821;1.469945225;1.23746263;1.024980035;0.83249744;0.660014844
0.055156844;0.018185856;0.001214867;0.004243878;0.02727289;0.070301901;0.133330912;0.216359924;0.319388935;0.442417946;0.585446958
1.088253845;0.889615033;0.710976222;0.55233741;0.413698598;0.295059786;0.196420974;0.117782162;0.05914335;0.020504539;0.001865727
0.007337645;0.000205634;0.013073624;0.045941613;0.098809603;0.171677592;0.264545582;0.377413572;0.510281561;0.663149551;0.83601754
0.00056421;0.005813589;0.031062968;0.076312347;0.141561726;0.226811105;0.332060484;0.457309862;0.602559241;0.76780862;0.953057999
0.083291598;0.151012166;0.238732733;0.346453301;0.474173868;0.621894436;0.789615003;0.977335571;1.185056139;1.412776706;1.660497274
0.008952427;0.037875881;0.086799334;0.155722788;0.244646241;0.353569695;0.482493148;0.631416602;0.800340055;0.989263509;1.198186962
4.626402933;4.20622144;3.806039946;3.425858453;3.065676959;2.725495466;2.405313972;2.105132479;1.824950985;1.564769492;1.324587998
0.198890913;0.119696538;0.060502163;0.021307788;0.002113413;0.002919038;0.023724663;0.064530288;0.125335913;0.206141538;0.306947163
0.383464663;0.269615616;0.175766568;0.101917521;0.048068474;0.014219426;0.000370379;0.006521332;0.032672285;0.078823237;0.14497419
0.553070993;0.414333507;0.295596021;0.196858535;0.118121049;0.059383563;0.020646077;0.001908592;0.003171106;0.02443362;0.065696134
3.00147267;2.664977494;2.348482318;2.051987142;1.775491967;1.518996791;1.282501615;1.06600644;0.869511264;0.693016088;0.536520913
0.000258047;0.013470813;0.046683579;0.099896345;0.173109111;0.266321878;0.379534644;0.51274741;0.665960176;0.839172942;1.032385709
0.242563293;0.351064723;0.479566153;0.628067583;0.796569014;0.985070444;1.193571874;1.422073304;1.670574734;1.939076164;2.227577594
4.733657142;4.308517755;3.903378369;3.518238982;3.153099596;2.807960209;2.482820823;2.177681436;1.89254205;1.627402663;1.382263277
0.003461767;0.00169441;0.019927054;0.058159697;0.116392341;0.194624984;0.292857627;0.411090271;0.549322914;0.707555557;0.885788201
0.049758427;0.104371621;0.178984815;0.273598009;0.388211203;0.522824397;0.677437591;0.852050785;1.046663979;1.261277173;1.495890367
0.542098106;0.699352729;0.876607353;1.073861977;1.291116601;1.528371224;1.785625848;2.062880472;2.360135096;2.67738972;3.014644343
0.615778765;0.782721909;0.969665054;1.176608198;1.403551343;1.650494487;1.917437632;2.204380776;2.511323921;2.838267065;3.185210209
0.005472076;0.030266771;0.075061467;0.139856163;0.224650859;0.329445555;0.454240251;0.599034947;0.763829643;0.948624338;1.153419034
1.249892287;1.036295124;0.842697961;0.669100797;0.515503634;0.38190647;0.268309307;0.174712143;0.10111498;0.047517816;0.013920653
2.59161103;2.279641403;1.987671775;1.715702147;1.463732519;1.231762891;1.019793264;0.827823636;0.655854008;0.50388438;0.371914753
1.458269632;1.226751962;1.015234291;0.82371662;0.652198949;0.500681278;0.369163608;0.257645937;0.166128266;0.094610595;0.043092925
0.018589333;0.001320792;0.004052251;0.026783711;0.06951517;0.13224663;0.214978089;0.317709549;0.440441008;0.583172467;0.745903927
0.313319992;0.211370005;0.129420017;0.06747003;0.025520042;0.003570055;0.001620068;0.01967008;0.057720093;0.115770105;0.193820118
0.041859713;0.092779006;0.163698298;0.254617591;0.365536884;0.496456177;0.647375469;0.818294762;1.009214055;1.220133348;1.45105264
0.04718373;0.100627362;0.174070994;0.267514627;0.380958259;0.514401891;0.667845524;0.841289156;1.034732788;1.248176421;1.481620053
1.917257004;1.650326905;1.403396805;1.176466705;0.969536605;0.782606505;0.615676406;0.468746306;0.341816206;0.234886106;0.147956006
0.265835707;0.378954223;0.512072739;0.665191254;0.83830977;1.031428286;1.244546801;1.477665317;1.730783833;2.003902349;2.297020864
6.028468457;5.547409664;5.086350871;4.645292078;4.224233285;3.823174491;3.442115698;3.081056905;2.739998112;2.418939319;2.117880526
0.167838035;0.095901954;0.043965873;0.012029791;9.37E-05;0.008157629;0.036221548;0.084285467;0.152349385;0.240413304;0.348477223
0.510565735;0.377657969;0.264750204;0.171842439;0.098934673;0.046026908;0.013119143;0.000211377;0.007303612;0.034395847;0.081488082
0.056895466;0.114601007;0.192306548;0.290012089;0.40771763;0.545423171;0.703128712;0.880834253;1.078539794;1.296245334;1.533950875
0.005533677;0.030411415;0.075289153;0.140166891;0.225044629;0.329922367;0.454800105;0.599677843;0.764555581;0.949433319;1.154311057
0.66751536;0.840918587;1.034321813;1.24772504;1.481128266;1.734531493;2.007934719;2.301337946;2.614741172;2.948144399;3.301547625
0.100536309;0.047121387;0.013706465;0.000291542;0.00687662;0.033461698;0.080046775;0.146631853;0.233216931;0.339802008;0.466387086
0.844528661;0.67073218;0.516935699;0.383139218;0.269342737;0.175546256;0.101749775;0.047953294;0.014156813;0.000360332;0.006563851
0.679477652;0.524616783;0.389755914;0.274895045;0.180034176;0.105173308;0.050312439;0.01545157;0.000590701;0.005729832;0.030868963
0.079262794;0.145570091;0.231877388;0.338184686;0.464491983;0.610799281;0.777106578;0.963413875;1.169721173;1.39602847;1.642335768
0.083302642;0.151027036;0.23875143;0.346475825;0.474200219;0.621924613;0.789649007;0.977373401;1.185097795;1.41282219;1.660546584
4.83E-06;0.010444578;0.040884322;0.091324065;0.161763809;0.252203553;0.362643296;0.49308304;0.643522784;0.813962527;1.004402271
3.984258198;3.595046064;3.22583393;2.876621796;2.547409662;2.238197528;1.948985394;1.67977326;1.430561126;1.201348992;0.992136858
0.406155905;0.543616629;0.701077353;0.878538077;1.075998801;1.293459526;1.53092025;1.788380974;2.065841698;2.363302422;2.680763146
0.103007879;0.048818198;0.014628517;0.000438836;0.006249155;0.032059473;0.077869792;0.143680111;0.22949043;0.335300749;0.461111068
5.771342322;5.300869958;4.850397594;4.419925229;4.009452865;3.618980501;3.248508136;2.898035772;2.567563408;2.257091043;1.966618679
0.159221042;0.089416019;0.039610996;0.009805973;9.50E-07;0.010195927;0.040390905;0.090585882;0.160780859;0.250975836;0.361170813
0.739326036;0.921294177;1.123262317;1.345230458;1.587198599;1.84916674;2.131134881;2.433103021;2.755071162;3.097039303;3.459007444
0.027148967;0.070102854;0.133056741;0.216010628;0.318964515;0.441918402;0.584872289;0.747826176;0.930780063;1.13373395;1.356687837
0.97113137;0.784039374;0.616947378;0.469855383;0.342763387;0.235671391;0.148579395;0.0814874;0.034395404;0.007303408;0.000211412
0.015474646;0.00059522;0.005715794;0.030836369;0.075956943;0.141077517;0.226198092;0.331318666;0.45643924;0.601559815;0.766680389
0.003828684;0.026203957;0.06857923;0.130954502;0.213329775;0.315705048;0.438080321;0.580455593;0.742830866;0.925206139;1.127581411
0.02436183;0.003145277;0.001928723;0.02071217;0.059495617;0.118279064;0.197062511;0.295845958;0.414629404;0.553412851;0.712196298
0.34868629;0.240586961;0.152487631;0.084388302;0.036288973;0.008189643;9.03E-05;0.011990984;0.043891655;0.095792325;0.167692996
4.403739063;3.994037308;3.604335554;3.2346338;2.884932046;2.555230291;2.245528537;1.955826783;1.686125029;1.436423275;1.20672152
0.169278667;0.096991689;0.044704712;0.012417734;0.000130757;0.007843779;0.035556802;0.083269824;0.150982846;0.238695869;0.346408891
2.498927047;2.192767148;1.906607249;1.640447349;1.39428745;1.168127551;0.961967652;0.775807752;0.609647853;0.463487954;0.337328055
1.27860487;1.062454047;0.866303224;0.690152401;0.534001578;0.397850754;0.281699931;0.185549108;0.109398285;0.053247462;0.017096639
0.14927413;0.082002109;0.034730089;0.007458068;0.000186047;0.012914026;0.045642005;0.098369984;0.171097963;0.263825942;0.376553921
1.066886548;1.283466948;1.520047349;1.776627749;2.05320815;2.34978855;2.666368951;3.002949352;3.359529752;3.736110153;4.132690553
0.000445941;0.014669405;0.048892868;0.103116332;0.177339795;0.271563259;0.385786722;0.520010186;0.674233649;0.848457113;1.042680576
0.000102608;0.008076698;0.036050789;0.08402488;0.15199897;0.239973061;0.347947151;0.475921242;0.623895333;0.791869423;0.979843514
0.299377973;0.199947087;0.1205162;0.061085314;0.021654427;0.002223541;0.002792654;0.023361767;0.063930881;0.124499994;0.205069108
3.240715279;2.890675544;2.560635808;2.250596072;1.960556337;1.690516601;1.440476866;1.21043713;1.000397395;0.810357659;0.640317924
7.801290154;7.252674359;6.724058565;6.21544277;5.726826975;5.25821118;4.809595385;4.380979591;3.972363796;3.583748001;3.215132206
4.192588193;3.793071981;3.41355577;3.054039558;2.714523346;2.395007134;2.095490922;1.815974711;1.556458499;1.316942287;1.097426075
0.134578215;0.071208408;0.027838601;0.004468794;0.001098986;0.017729179;0.054359372;0.110989565;0.187619758;0.284249951;0.400880144
1.578861096;1.840166575;2.121472054;2.422777533;2.744083012;3.085388491;3.44669397;3.82799945;4.229304929;4.650610408;5.091915887
0.012369919;0.000125891;0.007881864;0.035637837;0.08339381;0.151149783;0.238905756;0.346661728;0.474417701;0.622173674;0.789929647
0.347165152;0.239323707;0.151482262;0.083640818;0.035799373;0.007957929;0.000116484;0.012275039;0.044433595;0.09659215;0.168750706
1.809059981;1.55005738;1.311054779;1.092052179;0.893049578;0.714046977;0.555044376;0.416041775;0.297039175;0.198036574;0.119033973
2.138988059;1.856482465;1.593976871;1.351471278;1.128965684;0.92646009;0.743954496;0.581448903;0.438943309;0.316437715;0.213932122
1.402588825;1.175726939;0.968865053;0.782003167;0.615141281;0.468279395;0.341417509;0.234555623;0.147693738;0.080831852;0.033969966
0.801516161;0.990571031;1.199625901;1.428680771;1.677735641;1.946790511;2.235845381;2.544900251;2.873955121;3.223009991;3.592064861
1.821536351;1.561607741;1.321679132;1.101750523;0.901821914;0.721893305;0.561964696;0.422036087;0.302107478;0.202178868;0.122250259
0.002856131;0.002167574;0.021479018;0.060790461;0.120101904;0.199413348;0.298724791;0.418036234;0.557347677;0.716659121;0.895970564
0.455358684;0.330398144;0.225437604;0.140477064;0.075516524;0.030555984;0.005595444;0.000634904;0.015674364;0.050713824;0.105753284
0.330109055;0.22519882;0.140288584;0.075378349;0.030468113;0.005557878;0.000647643;0.015737407;0.050827172;0.105916936;0.181006701
0.861493544;0.685860191;0.530226838;0.394593485;0.278960132;0.183326779;0.107693426;0.052060073;0.01642672;0.000793367;0.005160014
0.275283838;0.180348841;0.105413844;0.050478848;0.015543851;0.000608855;0.005673858;0.030738862;0.075803865;0.140868869;0.225933872
1.362998103;1.606493123;1.869988143;2.153483162;2.456978182;2.780473201;3.123968221;3.48746324;3.87095826;4.274453279;4.697948299
1.528922271;1.291623078;1.074323885;0.877024692;0.699725499;0.542426306;0.405127113;0.28782792;0.190528727;0.113229534;0.055930341
0.78504308;0.617837766;0.470632452;0.343427139;0.236221825;0.149016511;0.081811198;0.034605884;0.00740057;0.000195257;0.012989943
0.054919161;0.018049486;0.001179811;0.004310136;0.027440461;0.070570786;0.133701111;0.216831436;0.319961761;0.443092086;0.586222411
0.382102637;0.268473734;0.174844832;0.10121593;0.047587028;0.013958125;0.000329223;0.006700321;0.033071419;0.079442517;0.145813614
0.402005004;0.285197275;0.188389546;0.111581817;0.054774088;0.017966358;0.001158629;0.0043509;0.027543171;0.070735442;0.133927713
0.519869074;0.38566518;0.271461287;0.177257393;0.103053499;0.048849605;0.014645712;0.000441818;0.006237924;0.032034031;0.077830137
4.583222306;4.165053073;3.76688384;3.388714607;3.030545374;2.69237614;2.374206907;2.076037674;1.797868441;1.539699208;1.301529974
0.07893269;0.032742765;0.006552841;0.000362917;0.014172993;0.047983069;0.101793144;0.17560322;0.269413296;0.383223372;0.517033447
0.446311357;0.32269828;0.219085204;0.135472127;0.07185905;0.028245973;0.004632896;0.00101982;0.017406743;0.053793666;0.110180589
2.783504748;2.459827973;2.156151199;1.872474424;1.608797649;1.365120875;1.1414441;0.937767326;0.754090551;0.590413776;0.446737002
2.415478653;2.114642449;1.833806244;1.572970039;1.332133835;1.11129763;0.910461425;0.729625221;0.568789016;0.427952811;0.307116607
2.706890702;2.38783808;2.088785458;1.809732836;1.550680214;1.311627592;1.09257497;0.893522348;0.714469726;0.555417104;0.416364482
0.006001291;0.031494891;0.076988492;0.142482092;0.227975692;0.333469292;0.458962892;0.604456493;0.769950093;0.955443693;1.160937293
6.262419815;5.771923269;5.301426723;4.850930177;4.420433631;4.009937085;3.619440539;3.248943993;2.898447447;2.567950901;2.257454355
0.321149877;0.217809703;0.134469529;0.071129355;0.02778918;0.004449006;0.001108832;0.017768658;0.054428484;0.111088309;0.187748135
5.601987655;5.138617286;4.695246917;4.271876548;3.868506179;3.48513581;3.121765441;2.778395072;2.455024703;2.151654334;1.868283965
0.724035381;0.904215918;1.104396456;1.324576993;1.56475753;1.824938067;2.105118604;2.405299142;2.725479679;3.065660216;3.425840753
0.271423897;0.17722718;0.103030463;0.048833745;0.014637028;0.000440311;0.006243594;0.032046876;0.077850159;0.143653442;0.229456725
3.062201006;2.722218091;2.402235177;2.102252263;1.822269349;1.562286435;1.322303521;1.102320606;0.902337692;0.722354778;0.562371864
0.046329199;0.099377637;0.172426074;0.265474511;0.378522949;0.511571386;0.664619824;0.837668261;1.030716699;1.243765136;1.476813574
0.063851715;0.124389508;0.204927302;0.305465096;0.426002889;0.566540683;0.727078477;0.90761627;1.108154064;1.328691857;1.569229651
0.192316195;0.290023935;0.407731676;0.545439417;0.703147157;0.880854898;1.078562639;1.29627038;1.53397812;1.791685861;2.069393602
0.305270924;0.42577358;0.566276236;0.726778891;0.907281547;1.107784203;1.328286859;1.568789515;1.829292171;2.109794827;2.410297483
0.003948924;0.001380831;0.018812738;0.056244644;0.113676551;0.191108457;0.288540364;0.405972271;0.543404177;0.700836084;0.878267991
0.690858818;0.534622983;0.398387148;0.282151314;0.185915479;0.109679645;0.05344381;0.017207975;0.000972141;0.004736306;0.028500472
2.292833432;2.605675532;2.938517631;3.291359731;3.66420183;4.05704393;4.46988603;4.902728129;5.355570229;5.828412328;6.321254428
0.506916138;0.374520051;0.262123964;0.169727877;0.097331791;0.044935704;0.012539617;0.000143531;0.007747444;0.035351357;0.082955271
3.016040217;2.678705208;2.361370198;2.064035189;1.78670018;1.52936517;1.292030161;1.074695152;0.877360143;0.700025133;0.542690124
6.439281898;5.941767094;5.464252291;5.006737487;4.569222683;4.15170788;3.754193076;3.376678273;3.019163469;2.681648665;2.364133862
3.244234955;2.893999756;2.563764558;2.25352936;1.963294161;1.693058963;1.442823764;1.212588566;1.002353367;0.812118169;0.64188297
1.579482807;1.338127854;1.116772901;0.915417949;0.734062996;0.572708043;0.43135309;0.309998138;0.208643185;0.127288232;0.065933279
1.504867472;1.760213552;2.035559632;2.330905712;2.646251791;2.981597871;3.336943951;3.712290031;4.107636111;4.522982191;4.95832827
0.010303612;0.040604953;0.090906295;0.161207637;0.251508978;0.36181032;0.492111661;0.642413003;0.812714345;1.003015686;1.213317028
0.021890251;0.002299542;0.002708834;0.023118125;0.063527416;0.123936708;0.204345999;0.30475529;0.425164582;0.565573873;0.725983164
1.448469785;1.217765004;1.007060223;0.816355443;0.645650662;0.494945882;0.364241101;0.253536321;0.16283154;0.09212676;0.041421979
0.155495097;0.086629364;0.03776363;0.008897897;3.22E-05;0.011166431;0.042300698;0.093434964;0.164569231;0.255703498;0.366837765
0.575547741;0.737277466;0.919007192;1.120736918;1.342466643;1.584196369;1.845926095;2.12765582;2.429385546;2.751115271;3.092844997
4.771759363;4.344872221;3.93798508;3.551097938;3.184210796;2.837323655;2.510436513;2.203549371;1.91666223;1.649775088;1.402887947
1.992025379;1.71974712;1.467468862;1.235190603;1.022912345;0.830634087;0.658355828;0.50607757;0.373799312;0.261521053;0.169242795
0.543803407;0.406317352;0.288831298;0.191345243;0.113859189;0.056373134;0.01888708;0.001401025;0.003914971;0.026428916;0.068942862
2.951897197;2.618275475;2.304653753;2.011032031;1.737410309;1.483788587;1.250166864;1.036545142;0.84292342;0.669301698;0.515679976
0.703542305;0.881297162;1.07905202;1.296806877;1.534561735;1.792316592;2.07007145;2.367826307;2.685581165;3.023336022;3.381090879
1.347503764;1.125339704;0.923175645;0.741011585;0.578847526;0.436683466;0.314519406;0.212355347;0.130191287;0.068027228;0.025863168
0.000524977;0.015107452;0.049689928;0.104272403;0.178854878;0.273437353;0.388019829;0.522602304;0.677184779;0.851767254;1.04634973
1.401253461;1.174504356;0.967755252;0.781006147;0.614257043;0.467507939;0.340758834;0.23400973;0.147260626;0.080511521;0.033762417
0.192877356;0.115041746;0.057206137;0.019370528;0.001534919;0.00369931;0.025863701;0.068028092;0.130192483;0.212356874;0.314521265
1.283599977;1.067007835;0.870415692;0.693823549;0.537231407;0.400639264;0.284047122;0.187454979;0.110862836;0.054270694;0.017678551
3.369124915;3.012021392;2.674917869;2.357814346;2.060710823;1.7836073;1.526503777;1.289400254;1.072296731;0.875193208;0.698089685
0.257343236;0.165885218;0.0944272;0.042969182;0.011511163;5.31E-05;0.008595127;0.037137109;0.085679091;0.154221073;0.242763055
2.302984217;2.009472489;1.735960762;1.482449034;1.248937307;1.03542558;0.841913852;0.668402125;0.514890397;0.38137867;0.267866943
0.473941421;0.621628228;0.789315035;0.977001842;1.184688649;1.412375456;1.660062263;1.92774907;2.215435877;2.523122684;2.850809491
0.049108528;0.103429416;0.177750304;0.272071192;0.38639208;0.520712968;0.675033857;0.849354745;1.043675633;1.257996521;1.492317409
4.077240166;3.683396624;3.309553081;2.955709539;2.621865997;2.308022455;2.014178912;1.74033537;1.486491828;1.252648285;1.038804743
0.769809655;0.604332061;0.458854466;0.333376871;0.227899277;0.142421682;0.076944088;0.031466493;0.005988898;0.000511304;0.015033709
2.409395684;2.729840248;3.070284812;3.430729377;3.811173941;4.211618505;4.632063069;5.072507633;5.532952197;6.013396761;6.513841325
0.746560719;0.929368209;1.132175699;1.35498319;1.59779068;1.860598171;2.143405661;2.446213152;2.769020642;3.111828132;3.474635623
0.089532001;0.039688204;0.009844407;6.10E-07;0.010156813;0.040313016;0.090469219;0.160625422;0.250781626;0.360937829;0.491094032
1.865353381;1.6021975;1.35904162;1.135885739;0.932729858;0.749573977;0.586418096;0.443262215;0.320106334;0.216950454;0.133794573
0.158496942;0.088873593;0.039250244;0.009626896;3.55E-06;0.010380198;0.040756849;0.0911335;0.161510151;0.251886802;0.362263454
1.263797472;1.048959978;0.854122483;0.679284989;0.524447495;0.38961;0.274772506;0.179935011;0.105097517;0.050260023;0.015422528
2.128696692;1.846895617;1.585094541;1.343293466;1.12149239;0.919691315;0.737890239;0.576089164;0.434288088;0.312487012;0.210685937
4.71347907;4.289268104;3.885057138;3.500846173;3.136635207;2.792424241;2.468213275;2.16400231;1.879791344;1.615580378;1.371369412
0.309154608;0.207951261;0.126747914;0.065544568;0.024341221;0.003137874;0.001934528;0.020731181;0.059527834;0.118324488;0.197121141
0.200720212;0.121116594;0.061512975;0.021909356;0.002305737;0.002702119;0.0230985;0.063494881;0.123891262;0.204287644;0.304684025
1.570603878;1.83125135;2.111898822;2.412546294;2.733193766;3.073841237;3.434488709;3.815136181;4.215783653;4.636431125;5.077078597
0.359193565;0.249328046;0.159462527;0.089597009;0.03973149;0.009865971;4.52E-07;0.010134933;0.040269414;0.090403896;0.160538377
0.005162431;0.029532442;0.073902454;0.138272466;0.222642477;0.327012489;0.4513825;0.595752512;0.760122523;0.944492535;1.148862547
0.224685085;0.329487001;0.454288918;0.599090834;0.763892751;0.948694667;1.153496584;1.378298501;1.623100417;1.887902334;2.17270425
0.102460021;0.048441267;0.014422513;0.00040376;0.006385006;0.032366252;0.078347498;0.144328744;0.230309991;0.336291237;0.462272483
2.295052817;2.002064182;1.729075548;1.476086913;1.243098278;1.030109644;0.837121009;0.664132375;0.51114374;0.378155106;0.265166471
2.22829805;2.536847748;2.865397446;3.213947144;3.582496841;3.971046539;4.379596237;4.808145935;5.256695632;5.72524533;6.213795028
0.005288302;0.00074416;0.016200017;0.051655874;0.107111732;0.182567589;0.278023447;0.393479304;0.528935162;0.684391019;0.859846876
0.38024154;0.266914083;0.173586626;0.100259169;0.046931713;0.013604256;0.000276799;0.006949342;0.033621886;0.080294429;0.146966972
0.154612193;0.243253707;0.351895221;0.480536735;0.629178249;0.797819763;0.986461277;1.195102791;1.423744305;1.672385819;1.941027333
0.695394118;0.538613529;0.401832941;0.285052352;0.188271764;0.111491175;0.054710587;0.017929998;0.00114941;0.004368821;0.027588233
0.8307045;0.658418516;0.506132532;0.373846548;0.261560564;0.16927458;0.096988595;0.044702611;0.012416627;0.000130643;0.007844659
0.218055229;0.13466246;0.071269692;0.027876924;0.004484156;0.001091388;0.01769862;0.054305852;0.110913083;0.187520315;0.284127547
3.864755708;4.267935347;4.691114986;5.134294624;5.597474263;6.080653902;6.583833541;7.107013179;7.650192818;8.213372457;8.796552096
9.433855142;8.829563513;8.245271883;7.680980254;7.136688625;6.612396996;6.108105367;5.623813738;5.159522108;4.715230479;4.29093885
0.086848528;0.037908379;0.008968231;2.81E-05;0.011087934;0.042147785;0.093207637;0.164267488;0.25532734;0.366387191;0.497447043
1.325245972;1.105007315;0.904768659;0.724530003;0.564291346;0.42405269;0.303814034;0.203575377;0.123336721;0.063098065;0.022859408
0.598714583;0.453961284;0.329207986;0.224454688;0.13970139;0.074948092;0.030194793;0.005441495;0.000688197;0.015934899;0.051181601
2.324628473;2.029693826;1.754759179;1.499824532;1.264889885;1.049955238;0.855020591;0.680085944;0.525151297;0.39021665;0.275282003
1.736226417;1.482694527;1.249162638;1.035630749;0.84209886;0.66856697;0.515035081;0.381503192;0.267971302;0.174439413;0.100907524
0.084220003;0.036178638;0.008137272;9.59E-05;0.01205454;0.044013175;0.095971809;0.167930443;0.259889077;0.371847712;0.503806346
0.771178636;0.605545082;0.459911527;0.334277973;0.228644418;0.143010864;0.077377309;0.031743755;0.006110201;0.000476646;0.014843092
0.198389027;0.297470793;0.416552559;0.555634326;0.714716092;0.893797858;1.092879624;1.31196139;1.551043157;1.810124923;2.089206689
1.841240058;1.579855455;1.338470853;1.117086251;0.915701649;0.734317047;0.572932444;0.431547842;0.31016324;0.208778638;0.127394036
0.001518011;0.003725679;0.025933347;0.068141014;0.130348682;0.21255635;0.314764018;0.436971685;0.579179353;0.741387021;0.923594689
8.507566797;7.934212127;7.380857456;6.847502785;6.334148114;5.840793444;5.367438773;4.914084102;4.480729431;4.067374761;3.67402009
1.32491356;1.565123339;1.825333119;2.105542898;2.405752677;2.725962456;3.066172235;3.426382014;3.806591793;4.206801573;4.627011352
0.001296919;0.004094367;0.026891816;0.069689264;0.132486713;0.215284162;0.31808161;0.440879059;0.583676507;0.746473956;0.929271405
1.756631781;1.501555808;1.266479836;1.051403863;0.85632789;0.681251918;0.526175945;0.391099973;0.276024;0.180948028;0.105872055
1.020367762;0.828341253;0.656314744;0.504288234;0.372261725;0.260235215;0.168208706;0.096182197;0.044155687;0.012129178;0.000102669
0.008006856;0.035903064;0.083799272;0.151695479;0.239591687;0.347487895;0.475384102;0.62328031;0.791176518;0.979072726;1.186968933
0.246791106;0.356147254;0.485503403;0.634859551;0.8042157;0.993571848;1.202927996;1.432284145;1.681640293;1.950996442;2.24035259
0.415348934;0.296453793;0.197558652;0.118663511;0.05976837;0.020873229;0.001978088;0.003082947;0.024187806;0.065292665;0.126397525
0.235897289;0.148758772;0.081620254;0.034481737;0.007343219;0.000204702;0.013066185;0.045927667;0.09878915;0.171650633;0.264512115
1.664825671;1.932881919;2.220938166;2.528994414;2.857050661;3.205106908;3.573163156;3.961219403;4.369275651;4.797331898;5.245388146
0.285744843;0.18883463;0.111924417;0.055014203;0.01810399;0.001193776;0.004283563;0.027373349;0.070463136;0.133552923;0.216642709
0.476417889;0.348371826;0.240325762;0.152279699;0.084233636;0.036187573;0.00814151;9.54E-05;0.012049384;0.04400332;0.095957257
0.455255711;0.330310431;0.225365152;0.140419873;0.075474593;0.030529314;0.005584034;0.000638755;0.015693476;0.050748196;0.105802917
0.308043918;0.429047326;0.570050735;0.731054143;0.912057552;1.11306096;1.334064369;1.575067777;1.836071186;2.117074594;2.418078003
0.952836177;0.767609521;0.602382866;0.45715621;0.331929554;0.226702899;0.141476243;0.076249587;0.031022932;0.005796276;0.00056962
3.529025759;3.163311732;2.817597705;2.491883677;2.18616965;1.900455623;1.634741595;1.389027568;1.16331354;0.957599513;0.771885486
0.914388059;0.733140778;0.571893497;0.430646217;0.309398936;0.208151656;0.126904375;0.065657094;0.024409814;0.003162533;0.001915252
0.403972704;0.541090398;0.698208092;0.875325786;1.07244348;1.289561174;1.526678868;1.783796562;2.060914256;2.35803195;2.675149644
0.004141506;0.0012706;0.018399693;0.055528787;0.112657881;0.189786975;0.286916069;0.404045163;0.541174257;0.698303351;0.875432445
0.715891335;0.556670611;0.417449887;0.298229163;0.199008439;0.119787715;0.060566992;0.021346268;0.002125544;0.00290482;0.023684096
0.021622418;0.061031544;0.12044067;0.199849796;0.299258923;0.418668049;0.558077175;0.717486302;0.896895428;1.096304554;1.31571368
2.747791372;3.089320639;3.450849906;3.832379173;4.23390844;4.655437707;5.096966974;5.558496241;6.040025508;6.541554775;7.063084042
1.916150333;1.649300169;1.402450005;1.175599841;0.968749677;0.781899513;0.615049349;0.468199185;0.341349021;0.234498857;0.147648693
0.108555497;0.184451019;0.280346541;0.396242064;0.532137586;0.688033108;0.863928631;1.059824153;1.275719675;1.511615197;1.76751072
0.005411113;0.030123168;0.074835222;0.139547276;0.22425933;0.328971384;0.453683438;0.598395493;0.763107547;0.947819601;1.152531655
4.015617651;3.624837529;3.254057407;2.903277285;2.572497164;2.261717042;1.97093692;1.700156798;1.449376676;1.218596555;1.007816433
0.075155442;0.139984428;0.224813414;0.3296424;0.454471386;0.599300372;0.764129358;0.948958344;1.15378733;1.378616316;1.623445302
1.810993378;1.55184707;1.312700762;1.093554454;0.894408146;0.715261838;0.55611553;0.416969222;0.297822914;0.198676606;0.119530298
0.578638442;0.740775018;0.922911594;1.125048169;1.347184745;1.589321321;1.851457897;2.133594472;2.435731048;2.757867624;3.1000042
0.021157913;0.002066393;0.002974874;0.023883354;0.064791835;0.125700316;0.206608796;0.307517277;0.428425757;0.569334238;0.730242719
0.181854469;0.106565673;0.051276876;0.01598808;0.000699284;0.005410488;0.030121692;0.074832896;0.139544099;0.224255303;0.328966507
0.447094727;0.590825012;0.754555297;0.938285582;1.142015867;1.365746152;1.609476437;1.873206722;2.156937006;2.460667291;2.784397576
0.018157095;0.055106748;0.112056401;0.189006054;0.285955707;0.40290536;0.539855013;0.696804666;0.873754319;1.070703972;1.287653625
0.221990282;0.137758593;0.073526903;0.029295214;0.005063525;0.000831835;0.016600146;0.052368456;0.108136767;0.183905078;0.279673388
1.370529051;1.146389857;0.942250664;0.75811147;0.593972276;0.449833082;0.325693889;0.221554695;0.137415501;0.073276307;0.029137114
1.323757349;1.563866657;1.823975966;2.104085275;2.404194583;2.724303892;3.064413201;3.424522509;3.804631818;4.204741127;4.624850435
0.022573789;0.002524636;0.002475484;0.022426332;0.06237718;0.122328028;0.202278876;0.302229724;0.422180571;0.562131419;0.722082267
1.578557139;1.337275851;1.115994563;0.914713276;0.733431988;0.5721507;0.430869413;0.309588125;0.208306837;0.127025549;0.065744262
0.001506151;0.019267983;0.057029815;0.114791647;0.192553479;0.290315311;0.408077143;0.545838975;0.703600807;0.881362639;1.079124471
0.528953539;0.393495155;0.278036771;0.182578386;0.107120002;0.051661618;0.016203233;0.000744849;0.005286465;0.02982808;0.074369696
0.984517535;0.796071821;0.627626107;0.479180393;0.350734679;0.242288965;0.153843251;0.085397537;0.036951823;0.008506109;6.04E-05
0.589570611;0.446003608;0.322436605;0.218869602;0.135302599;0.071735595;0.028168592;0.004601589;0.001034586;0.017467583;0.05390058
1.330003275;1.109351739;0.908700203;0.728048668;0.567397132;0.426745596;0.30609406;0.205442524;0.124790988;0.064139452;0.023487916
0.142348755;0.076890487;0.031432219;0.005973951;0.000515683;0.015057415;0.049599148;0.10414088;0.178682612;0.273224344;0.387766076
0.007451744;0.000187047;0.01292235;0.045657652;0.098392955;0.171128258;0.263863561;0.376598863;0.509334166;0.662069469;0.834804771
4.593087431;5.031717221;5.490347011;5.968976802;6.467606592;6.986236383;7.524866173;8.083495963;8.662125754;9.260755544;9.879385335
0.165697014;0.094285218;0.042873422;0.011461626;4.98E-05;0.008638033;0.037226237;0.08581444;0.154402644;0.242990848;0.351579051
0.865429616;0.689372677;0.533315738;0.397258798;0.281201859;0.18514492;0.109087981;0.053031041;0.016974102;0.000917163;0.004860224
1.07205076;0.874970991;0.697891223;0.540811455;0.403731687;0.286651919;0.189572151;0.112492382;0.055412614;0.018332846;0.001253078
0.003055696;0.024111366;0.065167037;0.126222707;0.207278377;0.308334047;0.429389718;0.570445388;0.731501058;0.912556728;1.113612399
5.196133516;4.750232934;4.324332352;3.91843177;3.532531188;3.166630606;2.820730024;2.494829442;2.18892886;1.903028278;1.637127696
0.618463368;0.471178484;0.3438936;0.236608716;0.149323832;0.082038948;0.034754064;0.00746918;0.000184296;0.012899412;0.045614529
0.392271555;0.277008383;0.181745211;0.106482039;0.051218868;0.015955696;0.000692524;0.005429353;0.030166181;0.074903009;0.139639838
3.140929538;2.796476182;2.472022826;2.16756947;1.883116114;1.618662758;1.374209402;1.149756046;0.94530269;0.760849335;0.596395979
0.04772749;0.101420734;0.175113978;0.268807223;0.382500467;0.516193711;0.669886955;0.8435802;1.037273444;1.250966688;1.484659932
0.002466252;0.002533977;0.022601702;0.062669427;0.122737151;0.202804876;0.302872601;0.422940326;0.563008051;0.723075775;0.9031435
8.395230874;7.825740378;7.276249882;6.746759386;6.23726889;5.747778394;5.278287898;4.828797402;4.399306906;3.98981641;3.600325914
0.261253046;0.169027209;0.096801371;0.044575534;0.012349696;0.000123859;0.007898021;0.035672184;0.083446346;0.151220509;0.238994672
4.552114209;4.135400525;3.73868684;3.361973156;3.005259472;2.668545787;2.351832103;2.055118419;1.778404735;1.52169105;1.284977366
0.880794723;1.078496052;1.296197381;1.533898709;1.791600038;2.069301367;2.367002696;2.684704025;3.022405354;3.380106683;3.757808012
0.09577985;0.04388321;0.011986571;8.99E-05;0.008193291;0.036296652;0.084400012;0.152503373;0.240606733;0.348710093;0.476813454
0.771628554;0.605943774;0.460258993;0.334574212;0.228889432;0.143204651;0.07751987;0.031835089;0.006150309;0.000465528;0.014780747
0.640061674;0.490053965;0.360046256;0.250038547;0.160030838;0.090023129;0.04001542;0.010007711;1.49E-09;0.009992292;0.039984583
0.255668027;0.366795279;0.497922531;0.649049783;0.820177035;1.011304286;1.222431538;1.45355879;1.704686042;1.975813294;2.266940546
0.269630194;0.175778339;0.101926484;0.04807463;0.014222775;0.00037092;0.006519065;0.03266721;0.078815355;0.1449635;0.231111645
0.333414611;0.458898741;0.604382872;0.769867003;0.955351133;1.160835264;1.386319394;1.631803525;1.897287656;2.182771786;2.488255917
1.470649355;1.23810869;1.025568025;0.83302736;0.660486695;0.50794603;0.375405365;0.2628647;0.170324035;0.09778337;0.045242705
2.511512085;2.204557067;1.917602049;1.650647032;1.403692014;1.176736996;0.969781978;0.78282696;0.615871942;0.468916924;0.341961906
2.975582553;3.330580092;3.705577632;4.100575171;4.51557271;4.95057025;5.405567789;5.880565328;6.375562867;6.890560407;7.425557946
3.012631795;2.675493103;2.35835441;2.061215718;1.784077025;1.526938333;1.28979964;1.072660948;0.875522255;0.698383563;0.54124487
0.549146946;0.707355846;0.885564745;1.083773644;1.301982544;1.540191443;1.798400342;2.076609242;2.374818141;2.693027041;3.03123594
0.911584357;0.730630503;0.569676649;0.428722796;0.307768942;0.206815088;0.125861234;0.06490738;0.023953527;0.002999673;0.002045819
1.34537413;1.123393602;0.921413075;0.739432547;0.577452019;0.435471492;0.313490964;0.211510437;0.129529909;0.067549381;0.025568854
0.090066115;0.040044081;0.010022047;1.21E-08;0.009977978;0.039955943;0.089933909;0.159911875;0.24988984;0.359867806;0.489845771
0.02105806;0.060080852;0.119103643;0.198126435;0.297149226;0.416172017;0.555194809;0.7142176;0.893240391;1.092263183;1.311285974
0.442652061;0.319587857;0.216523653;0.133459449;0.070395244;0.02733104;0.004266836;0.001202632;0.018138427;0.055074223;0.112010019
0.881380553;0.703616813;0.545853073;0.408089332;0.290325592;0.192561852;0.114798112;0.057034372;0.019270632;0.001506892;0.003743151
1.913526692;1.646866128;1.400205564;1.173545;0.966884436;0.780223872;0.613563308;0.466902744;0.34024218;0.233581616;0.146921052
2.409750112;2.730217508;3.070684905;3.431152302;3.811619699;4.212087095;4.632554492;5.073021889;5.533489286;6.013956683;6.514424079
1.291357841;1.528633694;1.785909548;2.063185402;2.360461255;2.677737109;3.015012963;3.372288816;3.74956467;4.146840523;4.564116377
3.726453199;3.350372731;2.994292262;2.658211794;2.342131326;2.046050858;1.769970389;1.513889921;1.277809453;1.061728985;0.865648516
2.392060791;2.092735021;1.813409252;1.554083482;1.314757713;1.095431944;0.896106174;0.716780405;0.557454635;0.418128866;0.298803096
0.874765418;0.697707628;0.540649838;0.403592049;0.286534259;0.189476469;0.112418679;0.055360889;0.0183031;0.00124531;0.00418752
1.476658561;1.24362288;1.030587198;0.837551517;0.664515835;0.511480154;0.378444473;0.265408791;0.17237311;0.099337428;0.046301747
2.008384747;1.734949764;1.48151478;1.248079797;1.034644813;0.84120983;0.667774846;0.514339862;0.380904879;0.267469895;0.174034912
4.669587341;5.111771901;5.57395646;6.05614102;6.55832558;7.080510139;7.622694699;8.184879259;8.767063818;9.369248378;9.991432938
2.592992328;2.280936909;1.988881489;1.71682607;1.464770651;1.232715231;1.020659812;0.828604393;0.656548973;0.504493554;0.372438135
0.000225372;0.007222892;0.034220411;0.08121793;0.14821545;0.235212969;0.342210488;0.469208007;0.616205527;0.783203046;0.970200565
0.533800953;0.397677587;0.281554221;0.185430855;0.109307489;0.053184123;0.017060756;0.00093739;0.004814024;0.028690658;0.072567292
0.041960327;0.010991887;2.34E-05;0.009055007;0.038086567;0.087118127;0.156149688;0.245181248;0.354212808;0.483244368;0.632275928
1.882287835;1.617894844;1.373501854;1.149108863;0.944715872;0.760322881;0.59592989;0.4515369;0.327143909;0.222750918;0.138357927
0.022960599;0.002655089;0.002349578;0.022044068;0.061738558;0.121433048;0.201127537;0.300822027;0.420516517;0.560211007;0.719905497
1.037349921;0.843649168;0.669948415;0.516247662;0.382546908;0.268846155;0.175145402;0.101444649;0.047743896;0.014043143;0.000342389
0.011949774;8.68E-05;0.008223765;0.036360761;0.084497757;0.152634753;0.240771748;0.348908744;0.47704574;0.625182735;0.793319731
0.351396675;0.479954117;0.628511559;0.797069001;0.985626443;1.194183884;1.422741326;1.671298768;1.93985621;2.228413652;2.536971093
2.924135946;2.592133844;2.280131742;1.98812964;1.716127537;1.464125435;1.232123333;1.020121231;0.828119129;0.656117027;0.504114925
1.539832838;1.301652836;1.083472833;0.885292831;0.707112829;0.548932827;0.410752824;0.292572822;0.19439282;0.116212818;0.058032815
4.947342509;4.512490061;4.097637613;3.702785165;3.327932717;2.973080269;2.638227822;2.323375374;2.028522926;1.753670478;1.49881803
0.319398968;0.216368181;0.133337394;0.070306608;0.027275821;0.004245035;0.001214248;0.018183462;0.055152675;0.112121889;0.189091102
2.640633924;2.325633375;2.030632826;1.755632276;1.500631727;1.265631178;1.050630629;0.85563008;0.680629531;0.525628981;0.390628432
6.127699493;5.642615682;5.177531871;4.732448061;4.30736425;3.902280439;3.517196628;3.152112817;2.807029007;2.481945196;2.176861385
0.047750066;0.014046489;0.000342912;0.006639335;0.032935758;0.079232181;0.145528604;0.231825027;0.33812145;0.464417873;0.610714296
0.677248534;0.851838757;1.046428979;1.261019202;1.495609424;1.750199647;2.024789869;2.319380092;2.633970314;2.968560537;3.323150759
0.067937606;0.025807919;0.003678232;0.001548546;0.019418859;0.057289173;0.115159486;0.1930298;0.290900113;0.408770426;0.54664074
0.081772412;0.03458066;0.007388908;0.000197156;0.013005404;0.045813652;0.0986219;0.171430148;0.264238396;0.377046644;0.509854892
0.42468748;0.304351379;0.204015278;0.123679177;0.063343076;0.023006975;0.002670875;0.002334774;0.021998673;0.061662572;0.121326471
4.894293313;4.461832317;4.049371322;3.656910326;3.284449331;2.931988335;2.59952734;2.287066344;1.994605349;1.722144353;1.469683358
0.030225946;0.005454725;0.000683503;0.015912282;0.05114106;0.106369839;0.181598617;0.276827396;0.392056174;0.527284953;0.682513731
0.762137129;0.597536198;0.452935267;0.328334336;0.223733404;0.139132473;0.074531542;0.029930611;0.00532968;0.000728749;0.016127817
0.074155969;0.029692781;0.005229594;0.000766407;0.01630322;0.051840033;0.107376846;0.182913659;0.278450472;0.393987285;0.529524098
0.27086894;0.176778798;0.102688657;0.048598515;0.014508373;0.000418231;0.00632809;0.032237948;0.078147806;0.144057665;0.229967523
0.66268988;0.509878347;0.377066814;0.264255281;0.171443749;0.098632216;0.045820683;0.013009151;0.000197618;0.007386085;0.034574553
3.342368975;2.986726036;2.651083096;2.335440157;2.039797218;1.764154279;1.50851134;1.2728684;1.057225461;0.861582522;0.685939583
0.386036526;0.271772851;0.177509175;0.1032455;0.048981824;0.014718149;0.000454473;0.006190798;0.031927122;0.077663447;0.143399771
1.470986493;1.238418029;1.025849565;0.833281101;0.660712637;0.508144173;0.375575709;0.263007245;0.170438781;0.097870317;0.045301853
1.635482976;1.38971097;1.163938964;0.958166958;0.772394952;0.606622946;0.46085094;0.335078934;0.229306928;0.143534922;0.077762916
2.001583408;1.728628754;1.4756741;1.242719445;1.029764791;0.836810137;0.663855483;0.510900829;0.377946175;0.26499152;0.172036866
0.005534549;0.03041346;0.07529237;0.140171281;0.225050191;0.329929102;0.454808012;0.599686922;0.764565833;0.949444743;1.154323654
4.523623699;4.108247456;3.712871214;3.337494971;2.982118728;2.646742485;2.331366242;2.035989999;1.760613757;1.505237514;1.269861271
0.014171298;0.000362646;0.006553994;0.032745341;0.078936689;0.145128037;0.231319385;0.337510733;0.463702081;0.609893429;0.776084777
0.155406122;0.086562956;0.03771979;0.008876623;3.35E-05;0.01119029;0.042347124;0.093503957;0.164660791;0.255817624;0.366974458
3.625407422;3.254597368;2.903787315;2.572977261;2.262167208;1.971357154;1.700547101;1.449737047;1.218926994;1.00811694;0.817306887
3.218737062;2.869920281;2.5411035;2.232286719;1.943469937;1.674653156;1.425836375;1.197019594;0.988202812;0.799386031;0.63056925
0.34809041;0.476088784;0.624087158;0.792085533;0.980083907;1.188082282;1.416080656;1.664079031;1.932077405;2.22007578;2.528074154
0.139181971;0.223796171;0.328410372;0.453024572;0.597638772;0.762252972;0.946867172;1.151481372;1.376095572;1.620709772;1.885323972
0.736299672;0.917915484;1.119531296;1.341147108;1.58276292;1.844378732;2.125994543;2.427610355;2.749226167;3.090841979;3.452457791
0.464915594;0.338546156;0.232176717;0.145807279;0.07943784;0.033068401;0.006698963;0.000329524;0.013960086;0.047590647;0.101221209
0.44201338;0.319045206;0.216077032;0.133108859;0.070140685;0.027172512;0.004204338;0.001236165;0.018267991;0.055299817;0.112331644
0.746694193;0.583871255;0.441048318;0.31822538;0.215402443;0.132579506;0.069756568;0.026933631;0.004110693;0.001287756;0.018464818
1.107035856;0.906604313;0.72617277;0.565741227;0.425309684;0.304878141;0.204446599;0.124015056;0.063583513;0.02315197;0.002720427
